name,surname,email
Damian,Gacic,damian.gacic@gmx.de
Francisco,Varela Cid,fvarelacid@gmail.com
Manikanta,Badugu,badugumanikanta1603@gmail.com
Rajat,Sehgal,sehgal.rajat1007@gmail.com
Shamil,Aliyev,samil.alieff@gmail.com
Thomas,Johnson-Ellis,tomjohnsonellis@protonmail.com
Tinsae Wondimu,Techanea,tinsaewondimu.techanea@mail.polimi.it	
Tofunmi,,tofunmioludare@icloud.com
Wojciech,Gradzinski,wojtekgradzinski@mail.com